	id	word	speech	speech_
0	6439861.0	子供	名詞	一般
1	6439861.0	起きる	動詞	自立
2	6439861.0	夫	名詞	一般
3	6439861.0	二人	名詞	一般
4	6439861.0	カウントダウン	名詞	一般
5	6439861.0	寝かしつける	動詞	自立
6	6439861.0	ー	名詞	一般
7	6439861.0	幼児	名詞	一般
8	6439861.0	夜中	名詞	一般
9	6439861.0	おきる	動詞	自立
10	6439861.0	うち	名詞	一般
11	6439861.0	ある	動詞	自立
12	6439864.0	笑う	動詞	自立
13	6439864.0	無人島	名詞	一般
14	6439864.0	テレビ	名詞	一般
15	6439864.0	切り替える	動詞	自立
16	6439864.0	サメ	名詞	一般
17	6439864.0	ショック	名詞	一般
18	6439865.0	皆さま	名詞	一般
19	6439865.0	する	動詞	自立
20	6439865.0	笑顔	名詞	一般
21	6439866.0	旦那	名詞	一般
22	6439866.0	別室	名詞	一般
23	6439866.0	ビール	名詞	一般
24	6439866.0	飲む	動詞	自立
25	6439866.0	テレビ	名詞	一般
26	6439868.0	子供	名詞	一般
27	6439868.0	泣く	動詞	自立
28	6439868.0	格闘技	名詞	一般
29	6439868.0	なる	動詞	自立
30	6439868.0	むかつく	動詞	自立
31	6439868.0	テレビ	名詞	一般
32	6439868.0	見れる	動詞	自立
33	6439868.0	間違う	動詞	自立
34	6439868.0	わく	動詞	自立
35	6439869.0	お正月	名詞	一般
36	6439869.0	終わる	動詞	自立
37	6439869.0	する	動詞	自立
38	6439871.0	寝る	動詞	自立
39	6439871.0	方位	名詞	一般
40	6439871.0	食後	名詞	一般
41	6439871.0	胃	名詞	一般
42	6439871.0	上がる	動詞	自立
43	6439871.0	寝る	動詞	自立
44	6439871.0	いい	形容詞	自立
45	6439871.0	旦那	名詞	一般
46	6439871.0	遊び回れる	動詞	自立
47	6439872.0	言う	動詞	自立
48	6439874.0	ない	形容詞	自立
49	6439874.0	笑顔	名詞	一般
50	6439874.0	可愛い	形容詞	自立
51	6439874.0	笑顔	名詞	一般
52	6439874.0	顔	名詞	一般
53	6439875.0	土下座	名詞	一般
54	6439878.0	出る	動詞	自立
55	6439878.0	自宅	名詞	一般
56	6439878.0	夫	名詞	一般
57	6439878.0	ライン	名詞	一般
58	6439878.0	食べる	動詞	自立
59	6439878.0	さき	名詞	一般
60	6439878.0	よる	動詞	自立
61	6439878.0	地域	名詞	一般
62	6439878.0	早い	形容詞	自立
63	6439878.0	ある	動詞	自立
64	6439878.0	夫	名詞	一般
65	6439878.0	やばい	形容詞	自立
66	6439878.0	思う	動詞	自立
67	6439878.0	改める	動詞	自立
68	6439879.0	門松	名詞	一般
69	6439881.0	見る	動詞	自立
70	6439881.0	年	名詞	一般
71	6439881.0	明ける	動詞	自立
72	6439881.0	門松	名詞	一般
73	6439881.0	ﾟ	名詞	一般
74	6439881.0	year	名詞	一般
75	6439881.0	門松	名詞	一般
76	6439881.0	ハート	名詞	一般
77	6439882.0	あれる	動詞	自立
78	6439882.0	w	名詞	一般
79	6439882.0	見る	動詞	自立
80	6439882.0	いる	動詞	自立
81	6439882.0	ある	動詞	自立
82	6439882.0	間隔	名詞	一般
83	6439882.0	強い	形容詞	自立
84	6439882.0	痛み	名詞	一般
85	6439882.0	続く	動詞	自立
86	6439882.0	産院	名詞	一般
87	6439882.0	する	動詞	自立
88	6439882.0	なる	動詞	自立
89	6439882.0	する	動詞	自立
90	6439882.0	言う	動詞	自立
91	6439882.0	痛み	名詞	一般
92	6439882.0	耐える	動詞	自立
93	6439882.0	ふん	名詞	一般
94	6439882.0	ふん	名詞	一般
95	6439882.0	間隔	名詞	一般
96	6439882.0	変わる	動詞	自立
97	6439882.0	難しい	形容詞	自立
98	6439882.0	ある	動詞	自立
99	6439882.0	早め	名詞	一般
100	6439882.0	行く	動詞	自立
101	6439882.0	違う	動詞	自立
102	6439882.0	思う	動詞	自立
103	6439882.0	する	動詞	自立
104	6439882.0	感じ	名詞	一般
105	6439882.0	見る	動詞	自立
106	6439882.0	いる	動詞	自立
107	6439883.0	叶う	動詞	自立
108	6439883.0	願い事	名詞	一般
109	6439883.0	ある	動詞	自立
110	6439883.0	良い	形容詞	自立
111	6439883.0	教える	動詞	自立
112	6439883.0	願い	名詞	一般
113	6439883.0	兄	名詞	一般
114	6439883.0	夫婦	名詞	一般
115	6439883.0	赤ちゃん	名詞	一般
116	6439883.0	やってくる	動詞	自立
117	6439885.0	ハート	名詞	一般
118	6439885.0	始まる	動詞	自立
119	6439885.0	笑顔	名詞	一般
120	6439885.0	起きる	動詞	自立
121	6439885.0	良い	形容詞	自立
122	6439885.0	載せる	動詞	自立
123	6439885.0	笑顔	名詞	一般
124	6439886.0	選び方	名詞	一般
125	6439886.0	分かる	動詞	自立
126	6439886.0	マスカラ	名詞	一般
127	6439886.0	する	動詞	自立
128	6439886.0	行く	動詞	自立
129	6439886.0	無い	形容詞	自立
130	6439886.0	マスカラ	名詞	一般
131	6439886.0	物足りない	形容詞	自立
132	6439886.0	買う	動詞	自立
133	6439886.0	似合う	動詞	自立
134	6439886.0	付け方	名詞	一般
135	6439886.0	調べる	動詞	自立
136	6439886.0	分かる	動詞	自立
137	6439886.0	ー	名詞	一般
138	6439886.0	悲鳴	名詞	一般
139	6439886.0	ある	動詞	自立
140	6439886.0	困り顔	名詞	一般
141	6439887.0	手帳	名詞	一般
142	6439887.0	手帳	名詞	一般
143	6439887.0	週	名詞	一般
144	6439887.0	フリー	名詞	一般
145	6439887.0	ページ	名詞	一般
146	6439887.0	ある	動詞	自立
147	6439887.0	フリー	名詞	一般
148	6439887.0	ページ	名詞	一般
149	6439887.0	日記	名詞	一般
150	6439887.0	書く	動詞	自立
151	6439887.0	週	名詞	一般
152	6439887.0	とこ	名詞	一般
153	6439887.0	かく	動詞	自立
154	6439887.0	部分	名詞	一般
155	6439887.0	週	名詞	一般
156	6439887.0	とこ	名詞	一般
157	6439887.0	こども	名詞	一般
158	6439887.0	行事	名詞	一般
159	6439887.0	する	動詞	自立
160	6439887.0	両方	名詞	一般
161	6439887.0	見比べる	動詞	自立
162	6439887.0	見にくい	形容詞	自立
163	6439887.0	思う	動詞	自立
164	6439888.0	帰る	動詞	自立
165	6439888.0	きた	名詞	一般
166	6439888.0	万歳	名詞	一般
167	6439888.0	カウントダウン	名詞	一般
168	6439888.0	気	名詞	一般
169	6439888.0	しない	名詞	一般
170	6439888.0	いる	動詞	自立
171	6439888.0	わかる	動詞	自立
172	6439888.0	いう	動詞	自立
173	6439888.0	心	名詞	一般
174	6439888.0	狭い	形容詞	自立
175	6439888.0	する	動詞	自立
176	6439888.0	別れる	動詞	自立
177	6439888.0	なる	動詞	自立
178	6439889.0	未婚	名詞	一般
179	6439889.0	実家	名詞	一般
180	6439889.0	子ども	名詞	一般
181	6439889.0	育てる	動詞	自立
182	6439889.0	母	名詞	一般
183	6439889.0	する	動詞	自立
184	6439889.0	息子	名詞	一般
185	6439889.0	育休	名詞	一般
186	6439889.0	例	名詞	一般
187	6439889.0	ない	形容詞	自立
188	6439889.0	思う	動詞	自立
189	6439889.0	聞く	動詞	自立
190	6439889.0	思う	動詞	自立
191	6439889.0	する	動詞	自立
192	6439889.0	長い	形容詞	自立
193	6439889.0	文章	名詞	一般
194	6439889.0	読む	動詞	自立
195	6439889.0	思う	動詞	自立
196	6439889.0	良い	形容詞	自立
197	6439889.0	付き合う	動詞	自立
198	6439889.0	息子	名詞	一般
199	6439889.0	父親	名詞	一般
200	6439889.0	人	名詞	一般
201	6439889.0	付き合う	動詞	自立
202	6439889.0	子供	名詞	一般
203	6439889.0	欲しい	形容詞	自立
204	6439889.0	できる	動詞	自立
205	6439889.0	嬉しい	形容詞	自立
206	6439889.0	言う	動詞	自立
207	6439889.0	名前	名詞	一般
208	6439889.0	決める	動詞	自立
209	6439889.0	息子	名詞	一般
210	6439889.0	できる	動詞	自立
211	6439889.0	最初	名詞	一般
212	6439889.0	育てる	動詞	自立
213	6439889.0	言う	動詞	自立
214	6439889.0	経つ	動詞	自立
215	6439889.0	父親	名詞	一般
216	6439889.0	なれる	動詞	自立
217	6439889.0	自信	名詞	一般
218	6439889.0	ない	形容詞	自立
219	6439889.0	堕	名詞	一般
220	6439889.0	ろ	名詞	一般
221	6439889.0	する	動詞	自立
222	6439889.0	言う	動詞	自立
223	6439889.0	する	動詞	自立
224	6439889.0	思う	動詞	自立
225	6439889.0	育てる	動詞	自立
226	6439889.0	あと	名詞	一般
227	6439889.0	する	動詞	自立
228	6439889.0	いい	形容詞	自立
229	6439889.0	する	動詞	自立
230	6439889.0	応じる	動詞	自立
231	6439889.0	一点張り	名詞	一般
232	6439889.0	子ども	名詞	一般
233	6439889.0	世の中	名詞	一般
234	6439889.0	不妊	名詞	一般
235	6439889.0	する	動詞	自立
236	6439889.0	授かる	動詞	自立
237	6439889.0	医方	名詞	一般
238	6439889.0	いる	動詞	自立
239	6439889.0	知る	動詞	自立
240	6439889.0	子ども	名詞	一般
241	6439889.0	できる	動詞	自立
242	6439889.0	奇跡	名詞	一般
243	6439889.0	知る	動詞	自立
244	6439889.0	選ぶ	動詞	自立
245	6439889.0	来る	動詞	自立
246	6439889.0	子ども	名詞	一般
247	6439889.0	できる	動詞	自立
248	6439889.0	堕	名詞	一般
249	6439889.0	ロスト	名詞	一般
250	6439889.0	いう	動詞	自立
251	6439889.0	最初	名詞	一般
252	6439889.0	堕	名詞	一般
253	6439889.0	ろ	名詞	一般
254	6439889.0	す	名詞	一般
255	6439889.0	一人	名詞	一般
256	6439889.0	産む	動詞	自立
257	6439889.0	育てる	動詞	自立
258	6439889.0	する	動詞	自立
259	6439889.0	両親	名詞	一般
260	6439889.0	母	名詞	一般
261	6439889.0	話し合う	動詞	自立
262	6439889.0	届け	名詞	一般
263	6439889.0	出す	動詞	自立
264	6439889.0	もらう	動詞	自立
265	6439889.0	まとまる	動詞	自立
266	6439889.0	お金	名詞	一般
267	6439889.0	いる	動詞	自立
268	6439889.0	関わる	動詞	自立
269	6439889.0	友人	名詞	一般
270	6439889.0	先輩	名詞	一般
271	6439889.0	子ども	名詞	一般
272	6439889.0	お金	名詞	一般
273	6439889.0	たつ	動詞	自立
274	6439889.0	もらえる	動詞	自立
275	6439889.0	もらう	動詞	自立
276	6439889.0	言う	動詞	自立
277	6439889.0	受け取る	動詞	自立
278	6439889.0	時点	名詞	一般
279	6439889.0	母	名詞	一般
280	6439889.0	助け	名詞	一般
281	6439889.0	借りる	動詞	自立
282	6439889.0	なる	動詞	自立
283	6439889.0	未婚	名詞	一般
284	6439889.0	シングル	名詞	一般
285	6439889.0	なる	動詞	自立
286	6439889.0	する	動詞	自立
287	6439889.0	母	名詞	一般
288	6439889.0	シングル	名詞	一般
289	6439889.0	子ども	名詞	一般
290	6439889.0	弟	名詞	一般
291	6439889.0	妹	名詞	一般
292	6439889.0	出る	動詞	自立
293	6439889.0	彼氏	名詞	一般
294	6439889.0	いる	動詞	自立
295	6439889.0	なる	動詞	自立
296	6439889.0	ある	動詞	自立
297	6439889.0	母	名詞	一般
298	6439889.0	息子	名詞	一般
299	6439889.0	楽しい	形容詞	自立
300	6439889.0	暮らす	動詞	自立
301	6439889.0	付き合う	動詞	自立
302	6439889.0	女性	名詞	一般
303	6439889.0	別れる	動詞	自立
304	6439889.0	する	動詞	自立
305	6439889.0	ある	動詞	自立
306	6439889.0	会う	動詞	自立
307	6439889.0	言う	動詞	自立
308	6439889.0	気	名詞	一般
309	6439889.0	進む	動詞	自立
310	6439889.0	もらう	動詞	自立
311	6439889.0	息子	名詞	一般
312	6439889.0	物心	名詞	一般
313	6439889.0	着く	動詞	自立
314	6439889.0	会う	動詞	自立
315	6439889.0	自分	名詞	一般
316	6439889.0	する	動詞	自立
317	6439889.0	分かる	動詞	自立
318	6439889.0	思う	動詞	自立
319	6439889.0	会う	動詞	自立
320	6439889.0	実家	名詞	一般
321	6439889.0	来る	動詞	自立
322	6439889.0	かたち	名詞	一般
323	6439889.0	帰る	動詞	自立
324	6439889.0	来る	動詞	自立
325	6439889.0	会う	動詞	自立
326	6439889.0	会う	動詞	自立
327	6439889.0	息子	名詞	一般
328	6439889.0	父親	名詞	一般
329	6439889.0	変わる	動詞	自立
330	6439889.0	会う	動詞	自立
331	6439889.0	続く	動詞	自立
332	6439889.0	会う	動詞	自立
333	6439889.0	物心	名詞	一般
334	6439889.0	着く	動詞	自立
335	6439889.0	伝える	動詞	自立
336	6439889.0	思う	動詞	自立
337	6439889.0	帰り	名詞	一般
338	6439889.0	話す	動詞	自立
339	6439889.0	言う	動詞	自立
340	6439889.0	迫る	動詞	自立
341	6439889.0	気持ち	名詞	一般
342	6439889.0	考える	動詞	自立
343	6439889.0	投げ出す	動詞	自立
344	6439889.0	女	名詞	一般
345	6439889.0	作る	動詞	自立
346	6439889.0	人	名詞	一般
347	6439889.0	戻る	動詞	自立
348	6439889.0	思える	動詞	自立
349	6439889.0	取る	動詞	自立
350	6439889.0	する	動詞	自立
351	6439889.0	資格	名詞	一般
352	6439889.0	ある	動詞	自立
353	6439889.0	凄い	形容詞	自立
354	6439889.0	伝える	動詞	自立
355	6439889.0	息子	名詞	一般
356	6439889.0	父親	名詞	一般
357	6439889.0	ある	動詞	自立
358	6439889.0	息子	名詞	一般
359	6439889.0	考える	動詞	自立
360	6439889.0	わかる	動詞	自立
361	6439889.0	言う	動詞	自立
362	6439889.0	帰る	動詞	自立
363	6439889.0	母	名詞	一般
364	6439889.0	話し合う	動詞	自立
365	6439889.0	考える	動詞	自立
366	6439889.0	する	動詞	自立
367	6439889.0	思う	動詞	自立
368	6439889.0	遅い	形容詞	自立
369	6439889.0	男の子	名詞	一般
370	6439889.0	父親	名詞	一般
371	6439889.0	いる	動詞	自立
372	6439889.0	考える	動詞	自立
373	6439889.0	決める	動詞	自立
374	6439889.0	言う	動詞	自立
375	6439889.0	母	名詞	一般
376	6439889.0	いる	動詞	自立
377	6439889.0	家庭	名詞	一般
378	6439889.0	いく	動詞	自立
379	6439889.0	考える	動詞	自立
380	6439889.0	持ち家	名詞	一般
381	6439889.0	マンション	名詞	一般
382	6439889.0	ローン	名詞	一般
383	6439889.0	組む	動詞	自立
384	6439889.0	家賃	名詞	一般
385	6439889.0	食費	名詞	一般
386	6439889.0	育休	名詞	一般
387	6439889.0	母	名詞	一般
388	6439889.0	家	名詞	一般
389	6439889.0	お金	名詞	一般
390	6439889.0	入れる	動詞	自立
391	6439889.0	言葉	名詞	一般
392	6439889.0	甘える	動詞	自立
393	6439889.0	家	名詞	一般
394	6439889.0	出る	動詞	自立
395	6439889.0	考える	動詞	自立
396	6439889.0	世間	名詞	一般
397	6439889.0	する	動詞	自立
398	6439889.0	甘い	形容詞	自立
399	6439889.0	考え	名詞	一般
400	6439889.0	やる	動詞	自立
401	6439889.0	思う	動詞	自立
402	6439889.0	しれる	動詞	自立
403	6439889.0	環境	名詞	一般
404	6439889.0	する	動詞	自立
405	6439889.0	壊す	動詞	自立
406	6439889.0	信じる	動詞	自立
407	6439889.0	する	動詞	自立
408	6439889.0	裏切る	動詞	自立
409	6439889.0	離れる	動詞	自立
410	6439889.0	他人	名詞	一般
411	6439889.0	息子	名詞	一般
412	6439889.0	支える	動詞	自立
413	6439889.0	チャンス	名詞	一般
414	6439889.0	欲しい	形容詞	自立
415	6439889.0	言う	動詞	自立
416	6439889.0	自分	名詞	一般
417	6439889.0	考える	動詞	自立
418	6439889.0	感じる	動詞	自立
419	6439889.0	久し振り	名詞	一般
420	6439889.0	息子	名詞	一般
421	6439889.0	会う	動詞	自立
422	6439889.0	産院	名詞	一般
423	6439889.0	会う	動詞	自立
424	6439889.0	空間	名詞	一般
425	6439889.0	自分	名詞	一般
426	6439889.0	いる	動詞	自立
427	6439889.0	する	動詞	自立
428	6439889.0	言う	動詞	自立
429	6439889.0	息子	名詞	一般
430	6439889.0	考える	動詞	自立
431	6439889.0	目	名詞	一般
432	6439889.0	現れる	動詞	自立
433	6439889.0	息子	名詞	一般
434	6439889.0	大きい	形容詞	自立
435	6439889.0	なる	動詞	自立
436	6439889.0	自分	名詞	一般
437	6439889.0	父親	名詞	一般
438	6439889.0	知る	動詞	自立
439	6439889.0	思う	動詞	自立
440	6439889.0	会う	動詞	自立
441	6439889.0	思う	動詞	自立
442	6439889.0	子ども	名詞	一般
443	6439889.0	子ども	名詞	一般
444	6439889.0	思う	動詞	自立
445	6439889.0	する	動詞	自立
446	6439889.0	気持ち	名詞	一般
447	6439889.0	見破る	動詞	自立
448	6439889.0	思う	動詞	自立
449	6439889.0	育てる	動詞	自立
450	6439889.0	片親	名詞	一般
451	6439889.0	親子	名詞	一般
452	6439889.0	仲良し	名詞	一般
453	6439889.0	笑顔	名詞	一般
454	6439889.0	溢れる	動詞	自立
455	6439889.0	育てる	動詞	自立
456	6439889.0	後者	名詞	一般
457	6439889.0	思う	動詞	自立
458	6439889.0	考え方	名詞	一般
459	6439889.0	間違う	動詞	自立
460	6439889.0	顔	名詞	一般
461	6439889.0	見る	動詞	自立
462	6439889.0	ある	動詞	自立
463	6439889.0	息子	名詞	一般
464	6439889.0	生まれる	動詞	自立
465	6439889.0	血縁	名詞	一般
466	6439889.0	知らせる	動詞	自立
467	6439889.0	産院	名詞	一般
468	6439889.0	来る	動詞	自立
469	6439889.0	来る	動詞	自立
470	6439889.0	心	名詞	一般
471	6439889.0	ボロボロ	名詞	一般
472	6439889.0	なる	動詞	自立
473	6439889.0	顔	名詞	一般
474	6439889.0	見る	動詞	自立
475	6439889.0	無責任	名詞	一般
476	6439889.0	ヤツ	名詞	一般
477	6439889.0	いたい	形容詞	自立
478	6439889.0	父親	名詞	一般
479	6439889.0	する	動詞	自立
480	6439889.0	ただ	名詞	一般
481	6439889.0	合わせる	動詞	自立
482	6439889.0	シンドい	形容詞	自立
483	6439889.0	する	動詞	自立
484	6439889.0	する	動詞	自立
485	6439889.0	ない	形容詞	自立
486	6439889.0	清々しい	形容詞	自立
487	6439889.0	気持ち	名詞	一般
488	6439889.0	過ごす	動詞	自立
489	6439889.0	なる	動詞	自立
490	6439889.0	帰る	動詞	自立
491	6439889.0	会う	動詞	自立
492	6439889.0	言う	動詞	自立
493	6439889.0	気持ち	名詞	一般
494	6439889.0	散々	名詞	一般
495	6439889.0	する	動詞	自立
496	6439889.0	言葉	名詞	一般
497	6439889.0	考え	名詞	一般
498	6439889.0	考える	動詞	自立
499	6439889.0	する	動詞	自立
500	6439889.0	気持ち	名詞	一般
501	6439889.0	変わる	動詞	自立
502	6439889.0	春	名詞	一般
503	6439889.0	する	動詞	自立
504	6439889.0	綴る	動詞	自立
505	6439889.0	長文	名詞	一般
506	6439889.0	送る	動詞	自立
507	6439889.0	気持ち	名詞	一般
508	6439889.0	変わる	動詞	自立
509	6439889.0	する	動詞	自立
510	6439889.0	言う	動詞	自立
511	6439889.0	もらう	動詞	自立
512	6439889.0	なる	動詞	自立
513	6439889.0	ある	動詞	自立
514	6439889.0	自己	名詞	一般
515	6439889.0	気持ち	名詞	一般
516	6439889.0	母親	名詞	一般
517	6439889.0	幼い	形容詞	自立
518	6439889.0	息子	名詞	一般
519	6439889.0	思う	動詞	自立
520	6439889.0	する	動詞	自立
521	6439889.0	良い	形容詞	自立
522	6439889.0	シングル	名詞	一般
523	6439889.0	母親	名詞	一般
524	6439889.0	笑顔	名詞	一般
525	6439889.0	子ども	名詞	一般
526	6439889.0	愛す	動詞	自立
527	6439889.0	子ども	名詞	一般
528	6439889.0	思う	動詞	自立
529	6439889.0	エゴ	名詞	一般
530	6439889.0	最後	名詞	一般
531	6439889.0	読む	動詞	自立
532	6439889.0	まとまり	名詞	一般
533	6439889.0	ない	形容詞	自立
534	6439889.0	飛び散る	動詞	自立
535	6439889.0	乱文	名詞	一般
536	6439889.0	分かる	動詞	自立
537	6439889.0	思う	動詞	自立
538	6439889.0	読む	動詞	自立
539	6439889.0	思う	動詞	自立
540	6439889.0	息子	名詞	一般
541	6439889.0	人生	名詞	一般
542	6439889.0	かかる	動詞	自立
543	6439889.0	聞く	動詞	自立
544	6439889.0	思う	動詞	自立
545	6439889.0	する	動詞	自立
546	6439889.0	ある	動詞	自立
547	6439889.0	ない	形容詞	自立
548	6439889.0	思う	動詞	自立
549	6439889.0	良い	形容詞	自立
550	6439889.0	聞く	動詞	自立
551	6439890.0	年明け	名詞	一般
552	6439890.0	起きる	動詞	自立
553	6439890.0	添う	動詞	自立
554	6439890.0	乳	名詞	一般
555	6439890.0	皆さん	名詞	一般
556	6439890.0	良い	形容詞	自立
557	6439890.0	年	名詞	一般
558	6439892.0	愚痴	名詞	一般
559	6439892.0	なる	動詞	自立
560	6439892.0	旦那	名詞	一般
561	6439892.0	手	名詞	一般
562	6439892.0	洗う	動詞	自立
563	6439892.0	ホタテ	名詞	一般
564	6439892.0	刺身	名詞	一般
565	6439892.0	いくら	名詞	一般
566	6439892.0	食べる	動詞	自立
567	6439892.0	こぼす	動詞	自立
568	6439892.0	手	名詞	一般
569	6439892.0	食べる	動詞	自立
570	6439892.0	口	名詞	一般
571	6439892.0	引っかかる	動詞	自立
572	6439892.0	指	名詞	一般
573	6439892.0	いれる	動詞	自立
574	6439892.0	あと	名詞	一般
575	6439892.0	子ども	名詞	一般
576	6439892.0	手	名詞	一般
577	6439892.0	触る	動詞	自立
578	6439892.0	飲む	動詞	自立
579	6439892.0	生物	名詞	一般
580	6439892.0	食べる	動詞	自立
581	6439892.0	触る	動詞	自立
582	6439892.0	する	動詞	自立
583	6439892.0	思う	動詞	自立
584	6439892.0	子ども	名詞	一般
585	6439892.0	手	名詞	一般
586	6439892.0	洗う	動詞	自立
587	6439892.0	ばい菌	名詞	一般
588	6439892.0	視野	名詞	一般
589	6439892.0	関わる	動詞	自立
590	6439892.0	気持ち	名詞	一般
591	6439892.0	悪い	形容詞	自立
592	6439892.0	言う	動詞	自立
593	6439892.0	生物	名詞	一般
594	6439892.0	触る	動詞	自立
595	6439892.0	手	名詞	一般
596	6439892.0	言う	動詞	自立
597	6439892.0	知る	動詞	自立
598	6439892.0	怒鳴る	動詞	自立
599	6439892.0	酔っ払う	動詞	自立
600	6439892.0	寝る	動詞	自立
601	6439892.0	気	名詞	一般
602	6439892.0	する	動詞	自立
603	6439894.0	大晦日	名詞	一般
604	6439894.0	旦那	名詞	一般
605	6439894.0	する	動詞	自立
606	6439894.0	ーー	名詞	一般
607	6439894.0	起きる	動詞	自立
608	6439894.0	笑顔	名詞	一般
609	6439894.0	言う	動詞	自立
610	6439894.0	ママ	名詞	一般
611	6439894.0	ママ	名詞	一般
612	6439894.0	構う	動詞	自立
613	6439894.0	オーラ	名詞	一般
614	6439894.0	旦那	名詞	一般
615	6439894.0	遊ぶ	動詞	自立
616	6439894.0	いる	動詞	自立
617	6439894.0	合間	名詞	一般
618	6439894.0	テレビ	名詞	一般
619	6439894.0	ママ	名詞	一般
620	6439894.0	出来る	動詞	自立
621	6439894.0	起こす	動詞	自立
622	6439894.0	相手	名詞	一般
623	6439894.0	する	動詞	自立
624	6439894.0	疲れ顔	名詞	一般
625	6439894.0	ソファ	名詞	一般
626	6439894.0	絵本	名詞	一般
627	6439894.0	読む	動詞	自立
628	6439894.0	寝る	動詞	自立
629	6439894.0	事	名詞	一般
630	6439894.0	する	動詞	自立
631	6439894.0	寝かしつける	動詞	自立
632	6439894.0	寝室	名詞	一般
633	6439894.0	連れる	動詞	自立
634	6439894.0	夫婦	名詞	一般
635	6439894.0	寝かせる	動詞	自立
636	6439894.0	ある	動詞	自立
637	6439894.0	強い	形容詞	自立
638	6439894.0	言える	動詞	自立
639	6439894.0	旦那	名詞	一般
640	6439894.0	年越し	名詞	一般
641	6439894.0	ソファ	名詞	一般
642	6439894.0	寝る	動詞	自立
643	6439895.0	切ない	形容詞	自立
644	6439896.0	ブラ	名詞	一般
645	6439896.0	する	動詞	自立
646	6439898.0	ぴ	名詞	一般
647	6439898.0	合掌	名詞	一般
648	6439898.0	恒例	名詞	一般
649	6439898.0	年明け	名詞	一般
650	6439898.0	カラオケ	名詞	一般
651	6439898.0	おおい	形容詞	自立
652	6439900.0	皆さま	名詞	一般
653	6439900.0	笑顔	名詞	一般
654	6439901.0	産まれる	動詞	自立
655	6439901.0	産まれる	動詞	自立
656	6439901.0	言う	動詞	自立
657	6439901.0	自宅	名詞	一般
658	6439901.0	みる	動詞	自立
659	6439901.0	年越し	名詞	一般
660	6439901.0	する	動詞	自立
661	6439901.0	そば	名詞	一般
662	6439901.0	食べる	動詞	自立
663	6439901.0	全区	名詞	一般
664	6439901.0	する	動詞	自立
665	6439901.0	する	動詞	自立
666	6439901.0	ー	名詞	一般
667	6439902.0	皆さん	名詞	一般
668	6439902.0	いる	動詞	自立
669	6439902.0	もらえる	動詞	自立
670	6439902.0	産婦人科	名詞	一般
671	6439902.0	する	動詞	自立
672	6439902.0	いる	動詞	自立
673	6439902.0	もらえる	動詞	自立
674	6439903.0	年明け	名詞	一般
675	6439903.0	始まる	動詞	自立
676	6439903.0	笑顔	名詞	一般
677	6439903.0	笑顔	名詞	一般
678	6439903.0	夫	名詞	一般
679	6439903.0	長男	名詞	一般
680	6439903.0	年明け	名詞	一般
681	6439903.0	お腹	名詞	一般
682	6439903.0	子ども	名詞	一般
683	6439903.0	二人	名詞	一般
684	6439905.0	シングル	名詞	一般
685	6439905.0	なる	動詞	自立
686	6439905.0	引っ越す	動詞	自立
687	6439905.0	迎える	動詞	自立
688	6439905.0	お正月	名詞	一般
689	6439905.0	お寺	名詞	一般
690	6439905.0	聞こえる	動詞	自立
691	6439905.0	いい	形容詞	自立
692	6439905.0	引っ越す	動詞	自立
693	6439906.0	財布	名詞	一般
694	6439906.0	通販	名詞	一般
695	6439906.0	買う	動詞	自立
696	6439906.0	店	名詞	一般
697	6439906.0	買う	動詞	自立
698	6439906.0	する	動詞	自立
699	6439906.0	偽物	名詞	一般
700	6439906.0	偽物	名詞	一般
701	6439906.0	しれる	動詞	自立
702	6439906.0	偽物	名詞	一般
703	6439906.0	する	動詞	自立
704	6439906.0	合掌	名詞	一般
705	6439908.0	都内	名詞	一般
706	6439908.0	中古	名詞	一般
707	6439908.0	マンション	名詞	一般
708	6439908.0	する	動詞	自立
709	6439908.0	する	動詞	自立
710	6439908.0	音	名詞	一般
711	6439908.0	聞こえる	動詞	自立
712	6439908.0	扉	名詞	一般
713	6439908.0	閉める	動詞	自立
714	6439908.0	音	名詞	一般
715	6439908.0	足音	名詞	一般
716	6439908.0	聞こえる	動詞	自立
717	6439908.0	ある	動詞	自立
718	6439908.0	声	名詞	一般
719	6439908.0	聞こえる	動詞	自立
720	6439908.0	無い	形容詞	自立
721	6439908.0	大晦日	名詞	一般
722	6439908.0	ある	動詞	自立
723	6439908.0	さわぐ	動詞	自立
724	6439908.0	声	名詞	一般
725	6439908.0	お隣	名詞	一般
726	6439908.0	聞こえる	動詞	自立
727	6439908.0	小才	名詞	一般
728	6439908.0	子供	名詞	一般
729	6439908.0	自分	名詞	一般
730	6439908.0	いる	動詞	自立
731	6439908.0	おなじ	名詞	一般
732	6439908.0	かける	動詞	自立
733	6439908.0	おもう	動詞	自立
734	6439908.0	マンション	名詞	一般
735	6439908.0	レベル	名詞	一般
736	6439908.0	お隣	名詞	一般
737	6439908.0	する	動詞	自立
738	6439908.0	思う	動詞	自立
739	6439908.0	大晦日	名詞	一般
740	6439908.0	騒ぎ	名詞	一般
741	6439908.0	ローン	名詞	一般
742	6439908.0	組む	動詞	自立
743	6439908.0	頑張る	動詞	自立
744	6439908.0	買う	動詞	自立
745	6439908.0	悲しい	形容詞	自立
746	6439908.0	なる	動詞	自立
747	6439908.0	しよう	名詞	一般
748	6439908.0	ない	形容詞	自立
749	6439908.0	マンション	名詞	一般
750	6439908.0	買う	動詞	自立
751	6439908.0	誰か	名詞	一般
752	6439908.0	する	動詞	自立
753	6439908.0	腰痛	名詞	一般
754	6439908.0	戸建て	名詞	一般
755	6439908.0	考える	動詞	自立
756	6439908.0	高位	名詞	一般
757	6439908.0	マンション	名詞	一般
758	6439908.0	シリーズ	名詞	一般
759	6439908.0	する	動詞	自立
760	6439908.0	違う	動詞	自立
761	6439908.0	する	動詞	自立
762	6439908.0	旦那	名詞	一般
763	6439908.0	する	動詞	自立
764	6439908.0	出る	動詞	自立
765	6439908.0	言う	動詞	自立
766	6439908.0	マンション	名詞	一般
767	6439908.0	住む	動詞	自立
768	6439908.0	する	動詞	自立
769	6439908.0	悩み	名詞	一般
770	6439908.0	持つ	動詞	自立
771	6439908.0	乗り越える	動詞	自立
772	6439908.0	いただける	動詞	自立
773	6439908.0	うれしい	形容詞	自立
774	6439908.0	性格	名詞	一般
775	6439908.0	旦那	名詞	一般
776	6439908.0	含める	動詞	自立
777	6439908.0	周り	名詞	一般
778	6439908.0	わかる	動詞	自立
779	6439909.0	画像	名詞	一般
780	6439909.0	糸	名詞	一般
781	6439909.0	わかる	動詞	自立
782	6439909.0	方位	名詞	一般
783	6439909.0	ウール	名詞	一般
784	6439909.0	極太	名詞	一般
785	6439909.0	毛糸	名詞	一般
786	6439909.0	細い	形容詞	自立
787	6439909.0	毛糸	名詞	一般
788	6439909.0	けばけばしい	形容詞	自立
789	6439909.0	する	動詞	自立
790	6439909.0	コットン	名詞	一般
791	6439909.0	わかる	動詞	自立
792	6439909.0	教える	動詞	自立
793	6439910.0	門松	名詞	一般
794	6439911.0	かっこよい	形容詞	自立
795	6439911.0	ハート	名詞	一般
796	6439911.0	スキー	名詞	一般
797	6439914.0	する	動詞	自立
798	6439914.0	年齢	名詞	一般
799	6439914.0	ある	動詞	自立
800	6439914.0	頬	名詞	一般
801	6439914.0	中心	名詞	一般
802	6439914.0	毛穴	名詞	一般
803	6439914.0	たるみ	名詞	一般
804	6439914.0	ファンデーション	名詞	一般
805	6439914.0	塗る	動詞	自立
806	6439914.0	ボコボコ	名詞	一般
807	6439914.0	する	動詞	自立
808	6439914.0	鼻	名詞	一般
809	6439914.0	横	名詞	一般
810	6439914.0	溝	名詞	一般
811	6439914.0	深い	形容詞	自立
812	6439914.0	目立つ	動詞	自立
813	6439914.0	ショック	名詞	一般
814	6439914.0	大きい	形容詞	自立
815	6439914.0	合う	動詞	自立
816	6439914.0	悩む	動詞	自立
817	6439914.0	使う	動詞	自立
818	6439914.0	肌	名詞	一般
819	6439914.0	憧れる	動詞	自立
820	6439915.0	支える	動詞	自立
821	6439915.0	おかげ	名詞	一般
822	6439915.0	できる	動詞	自立
823	6439915.0	する	動詞	自立
824	6439915.0	くださる	動詞	自立
825	6439915.0	救う	動詞	自立
826	6439915.0	楽しい	形容詞	自立
827	6439915.0	なる	動詞	自立
828	6439915.0	あと	名詞	一般
829	6439915.0	家族	名詞	一般
830	6439915.0	職場	名詞	一般
831	6439915.0	人	名詞	一般
832	6439915.0	歩く	動詞	自立
833	6439915.0	すれ違う	動詞	自立
834	6439915.0	人	名詞	一般
835	6439915.0	人間	名詞	一般
836	6439916.0	なる	動詞	自立
837	6439916.0	思う	動詞	自立
838	6439916.0	寝る	動詞	自立
839	6439917.0	お腹	名詞	一般
840	6439917.0	痛い	形容詞	自立
841	6439917.0	胃	名詞	一般
842	6439917.0	凄い	形容詞	自立
843	6439917.0	痛い	形容詞	自立
844	6439917.0	陣痛	名詞	一般
845	6439917.0	ない	形容詞	自立
846	6439918.0	ファミリー	名詞	一般
847	6439918.0	ハート	名詞	一般
848	6439918.0	いぬ	動詞	自立
849	6439918.0	かっこよい	形容詞	自立
850	6439918.0	ーーーー	名詞	一般
851	6439918.0	ハート	名詞	一般
852	6439918.0	ハート	名詞	一般
853	6439918.0	ハート	名詞	一般
854	6439918.0	ハート	名詞	一般
855	6439918.0	ハート	名詞	一般
856	6439919.0	子供	名詞	一般
857	6439919.0	夜泣き	名詞	一般
858	6439919.0	抱っこ	名詞	一般
859	6439919.0	紐	名詞	一般
860	6439919.0	する	動詞	自立
861	6439919.0	する	動詞	自立
862	6439919.0	年	名詞	一般
863	6439919.0	明ける	動詞	自立
864	6439919.0	子供	名詞	一般
865	6439919.0	いる	動詞	自立
866	6439919.0	年越し	名詞	一般
867	6439919.0	程度	名詞	一般
868	6439919.0	イベント	名詞	一般
869	6439919.0	なる	動詞	自立
870	6439920.0	間隔	名詞	一般
871	6439920.0	生後	名詞	一般
872	6439920.0	なる	動詞	自立
873	6439920.0	娘	名詞	一般
874	6439920.0	いる	動詞	自立
875	6439920.0	生後	名詞	一般
876	6439920.0	過ぎる	動詞	自立
877	6439920.0	からい	形容詞	自立
878	6439920.0	寝る	動詞	自立
879	6439920.0	なる	動詞	自立
880	6439920.0	通す	動詞	自立
881	6439920.0	寝る	動詞	自立
882	6439920.0	増える	動詞	自立
883	6439920.0	オムツ	名詞	一般
884	6439920.0	汚れる	動詞	自立
885	6439920.0	起きる	動詞	自立
886	6439920.0	する	動詞	自立
887	6439920.0	多い	形容詞	自立
888	6439920.0	空く	動詞	自立
889	6439920.0	起こす	動詞	自立
890	6439920.0	飲む	動詞	自立
891	6439920.0	起きる	動詞	自立
892	6439920.0	歳徳	名詞	一般
893	6439920.0	悩む	動詞	自立
894	6439920.0	する	動詞	自立
895	6439922.0	息子	名詞	一般
896	6439922.0	夜泣き	名詞	一般
897	6439922.0	しま	名詞	一般
898	6439922.0	苦力	名詞	一般
899	6439926.0	マリウスー	名詞	一般
900	6439926.0	きた	名詞	一般
901	6439926.0	ぁ	名詞	一般
902	6439926.0	ー	名詞	一般
903	6439927.0	言葉	名詞	一般
904	6439927.0	いい	形容詞	自立
905	6439928.0	田舎	名詞	一般
906	6439928.0	長男	名詞	一般
907	6439928.0	嫁	名詞	一般
908	6439928.0	感じ	名詞	一般
909	6439928.0	子供	名詞	一般
910	6439928.0	いる	動詞	自立
911	6439928.0	旦那	名詞	一般
912	6439928.0	長男	名詞	一般
913	6439928.0	姉	名詞	一般
914	6439928.0	おる	動詞	自立
915	6439928.0	する	動詞	自立
916	6439928.0	旦那	名詞	一般
917	6439928.0	離れる	動詞	自立
918	6439928.0	田舎	名詞	一般
919	6439928.0	猪	名詞	一般
920	6439928.0	鹿	名詞	一般
921	6439928.0	いる	動詞	自立
922	6439928.0	する	動詞	自立
923	6439928.0	旦那	名詞	一般
924	6439928.0	祖父	名詞	一般
925	6439928.0	三回忌	名詞	一般
926	6439928.0	家	名詞	一般
927	6439928.0	住職	名詞	一般
928	6439928.0	来る	動詞	自立
929	6439928.0	経	名詞	一般
930	6439928.0	唱える	動詞	自立
931	6439928.0	住職	名詞	一般
932	6439928.0	ご飯	名詞	一般
933	6439928.0	住職	名詞	一般
934	6439928.0	男性	名詞	一般
935	6439928.0	酔っ払う	動詞	自立
936	6439928.0	義母	名詞	一般
937	6439928.0	嫁	名詞	一般
938	6439928.0	嫁ぐ	動詞	自立
939	6439928.0	起きる	動詞	自立
940	6439928.0	弁当	名詞	一般
941	6439928.0	起こす	動詞	自立
942	6439928.0	嫁	名詞	一般
943	6439928.0	甘える	動詞	自立
944	6439928.0	感じる	動詞	自立
945	6439928.0	田舎	名詞	一般
946	6439928.0	住む	動詞	自立
947	6439928.0	する	動詞	自立
948	6439928.0	旦那	名詞	一般
949	6439928.0	都合	名詞	一般
950	6439928.0	離れる	動詞	自立
951	6439928.0	住む	動詞	自立
952	6439928.0	マイホーム	名詞	一般
953	6439928.0	建てる	動詞	自立
954	6439928.0	する	動詞	自立
955	6439928.0	模試	名詞	一般
956	6439928.0	田舎	名詞	一般
957	6439928.0	住む	動詞	自立
958	6439928.0	なる	動詞	自立
959	6439928.0	する	動詞	自立
960	6439928.0	田舎	名詞	一般
961	6439928.0	人	名詞	一般
962	6439928.0	する	動詞	自立
963	6439928.0	他方	名詞	一般
964	6439928.0	感じ	名詞	一般
965	6439930.0	皆さん	名詞	一般
966	6439930.0	なる	動詞	自立
967	6439930.0	笑顔	名詞	一般
968	6439930.0	宜しい	形容詞	自立
969	6439930.0	願い	名詞	一般
970	6439930.0	する	動詞	自立
971	6439930.0	メガネ	名詞	一般
972	6439930.0	祖母	名詞	一般
973	6439930.0	無い	形容詞	自立
974	6439930.0	する	動詞	自立
975	6439930.0	大人	名詞	一般
976	6439930.0	しめ	名詞	一般
977	6439930.0	する	動詞	自立
978	6439930.0	する	動詞	自立
979	6439931.0	離乳食	名詞	一般
980	6439931.0	初期	名詞	一般
981	6439931.0	完	名詞	一般
982	6439931.0	する	動詞	自立
983	6439931.0	子	名詞	一般
984	6439931.0	する	動詞	自立
985	6439931.0	離乳食	名詞	一般
986	6439931.0	初期	名詞	一般
987	6439931.0	覚える	動詞	自立
988	6439931.0	離乳食	名詞	一般
989	6439931.0	初期	名詞	一般
990	6439931.0	教える	動詞	自立
991	6439931.0	完	名詞	一般
992	6439931.0	食する	動詞	自立
993	6439931.0	野菜	名詞	一般
994	6439931.0	食べる	動詞	自立
995	6439931.0	できる	動詞	自立
996	6439931.0	野菜	名詞	一般
997	6439931.0	裏ごし	名詞	一般
998	6439931.0	する	動詞	自立
999	6439931.0	とろみ	名詞	一般
1000	6439931.0	初期	名詞	一般
1001	6439931.0	付ける	動詞	自立
1002	6439931.0	食べる	動詞	自立
1003	6439931.0	混ぜる	動詞	自立
1004	6439931.0	食べる	動詞	自立
1005	6439931.0	食べる	動詞	自立
1006	6439931.0	なる	動詞	自立
1007	6439931.0	食材	名詞	一般
1008	6439931.0	味	名詞	一般
1009	6439931.0	舌触り	名詞	一般
1010	6439931.0	楽しめる	動詞	自立
1011	6439931.0	思う	動詞	自立
1012	6439931.0	する	動詞	自立
1013	6439931.0	いい	形容詞	自立
1014	6439931.0	困る	動詞	自立
1015	6439932.0	旦那	名詞	一般
1016	6439932.0	する	動詞	自立
1017	6439932.0	する	動詞	自立
1018	6439932.0	気づく	動詞	自立
1019	6439932.0	年越し	名詞	一般
1020	6439932.0	する	動詞	自立
1021	6439932.0	パターン	名詞	一般
1022	6439932.0	迎える	動詞	自立
1023	6439932.0	大笑い	名詞	一般
1024	6439932.0	家族	名詞	一般
1025	6439932.0	増える	動詞	自立
1026	6439932.0	する	動詞	自立
1027	6439932.0	泣く	動詞	自立
1028	6439932.0	笑う	動詞	自立
1029	6439932.0	過ごす	動詞	自立
1030	6439932.0	息子	名詞	一般
1031	6439932.0	楽しむ	動詞	自立
1032	6439932.0	幸	名詞	一般
1033	6439932.0	多い	形容詞	自立
1034	6439932.0	なる	動詞	自立
1035	6439932.0	ハート	名詞	一般
1036	6439933.0	カウントダウン	名詞	一般
1037	6439933.0	テレビ	名詞	一般
1038	6439933.0	いい	形容詞	自立
1039	6439933.0	末っ子	名詞	一般
1040	6439933.0	夜泣き	名詞	一般
1041	6439933.0	拍手	名詞	一般
1042	6439933.0	旦那	名詞	一般
1043	6439933.0	行く	動詞	自立
1044	6439933.0	泣く	動詞	自立
1045	6439933.0	止む	動詞	自立
1046	6439933.0	する	動詞	自立
1047	6439933.0	おっぱい	名詞	一般
1048	6439933.0	寝る	動詞	自立
1049	6439933.0	嬉し涙	名詞	一般
1050	6439933.0	添う	動詞	自立
1051	6439933.0	乳	名詞	一般
1052	6439933.0	する	動詞	自立
1053	6439933.0	嬉し涙	名詞	一般
1054	6439933.0	テレビ	名詞	一般
1055	6439933.0	見る	動詞	自立
1056	6439933.0	ぁ	名詞	一般
1057	6439933.0	泣き顔	名詞	一般
1058	6439933.0	泣き顔	名詞	一般
1059	6439934.0	子供	名詞	一般
1060	6439934.0	する	動詞	自立
1061	6439934.0	旦那	名詞	一般
1062	6439934.0	飲む	動詞	自立
1063	6439934.0	休む	動詞	自立
1064	6439934.0	大晦日	名詞	一般
1065	6439934.0	思う	動詞	自立
1066	6439934.0	焦り	名詞	一般
1067	6439934.0	旦那	名詞	一般
1068	6439934.0	いる	動詞	自立
1069	6439934.0	一人	名詞	一般
1070	6439934.0	する	動詞	自立
1071	6439934.0	する	動詞	自立
1072	6439934.0	咳	名詞	一般
1073	6439934.0	痰	名詞	一般
1074	6439934.0	ひどい	形容詞	自立
1075	6439934.0	起きる	動詞	自立
1076	6439934.0	熱	名詞	一般
1077	6439934.0	下がる	動詞	自立
1078	6439934.0	する	動詞	自立
1079	6439934.0	熱	名詞	一般
1080	6439934.0	様子見	名詞	一般
1081	6439934.0	咳	名詞	一般
1082	6439934.0	止まる	動詞	自立
1083	6439934.0	ねれる	動詞	自立
1084	6439934.0	する	動詞	自立
1085	6439934.0	する	動詞	自立
1086	6439934.0	とこ	名詞	一般
1087	6439934.0	寝る	動詞	自立
1088	6439934.0	着る	動詞	自立
1089	6439934.0	足元	名詞	一般
1090	6439934.0	布団	名詞	一般
1091	6439934.0	かける	動詞	自立
1092	6439934.0	冷やす	動詞	自立
1093	6439934.0	する	動詞	自立
1094	6439934.0	いい	形容詞	自立
1095	6439934.0	する	動詞	自立
1096	6439934.0	いい	形容詞	自立
1097	6439934.0	ある	動詞	自立
1098	6439935.0	居る	動詞	自立
1099	6439935.0	泣き顔	名詞	一般
1100	6439937.0	ドンキホーテ	名詞	一般
1101	6439937.0	やる	動詞	自立
1102	6439938.0	男の子	名詞	一般
1103	6439938.0	動き回る	動詞	自立
1104	6439938.0	落ちつき	名詞	一般
1105	6439938.0	ない	形容詞	自立
1106	6439938.0	おとなしい	形容詞	自立
1107	6439938.0	座る	動詞	自立
1108	6439938.0	テレビ	名詞	一般
1109	6439938.0	見る	動詞	自立
1110	6439938.0	たま	名詞	一般
1111	6439938.0	ある	動詞	自立
1112	6439938.0	スーパー	名詞	一般
1113	6439938.0	カート	名詞	一般
1114	6439938.0	乗る	動詞	自立
1115	6439938.0	抱っこ	名詞	一般
1116	6439938.0	する	動詞	自立
1117	6439938.0	ナイト	名詞	一般
1118	6439938.0	歩く	動詞	自立
1119	6439938.0	暴れる	動詞	自立
1120	6439938.0	する	動詞	自立
1121	6439938.0	子	名詞	一般
1122	6439938.0	カート	名詞	一般
1123	6439938.0	乗る	動詞	自立
1124	6439938.0	思う	動詞	自立
1125	6439938.0	あと	名詞	一般
1126	6439938.0	病院	名詞	一般
1127	6439938.0	連れる	動詞	自立
1128	6439938.0	待合室	名詞	一般
1129	6439938.0	歩き回る	動詞	自立
1130	6439938.0	する	動詞	自立
1131	6439938.0	じい	名詞	一般
1132	6439938.0	ば	名詞	一般
1133	6439938.0	病院	名詞	一般
1134	6439938.0	行く	動詞	自立
1135	6439938.0	おとなしい	形容詞	自立
1136	6439938.0	抱っこ	名詞	一般
1137	6439938.0	する	動詞	自立
1138	6439938.0	しない	名詞	一般
1139	6439938.0	方位	名詞	一般
1140	6439939.0	なる	動詞	自立
1141	6439939.0	皆さま	名詞	一般
1142	6439939.0	良い	形容詞	自立
1143	6439939.0	なる	動詞	自立
1144	6439942.0	下	名詞	一般
1145	6439942.0	写真	名詞	一般
1146	6439942.0	する	動詞	自立
1147	6439942.0	なる	動詞	自立
1148	6439942.0	考える	動詞	自立
1149	6439942.0	ベビーカー	名詞	一般
1150	6439942.0	使う	動詞	自立
1151	6439942.0	ある	動詞	自立
1152	6439942.0	使い	名詞	一般
1153	6439942.0	こぐ	動詞	自立
1154	6439942.0	ちる	動詞	自立
1155	6439943.0	旦那	名詞	一般
1156	6439943.0	飲む	動詞	自立
1157	6439943.0	出し手	名詞	一般
1158	6439943.0	不在	名詞	一般
1159	6439943.0	生後	名詞	一般
1160	6439943.0	泣く	動詞	自立
1161	6439943.0	笑顔	名詞	一般
1162	6439943.0	迎える	動詞	自立
1163	6439943.0	紅	名詞	一般
1164	6439943.0	白む	動詞	自立
1165	6439943.0	歌う	動詞	自立
1166	6439943.0	明るい	形容詞	自立
1167	6439943.0	いる	動詞	自立
1168	6439943.0	おもう	動詞	自立
1169	6439943.0	虚しい	形容詞	自立
1170	6439943.0	なる	動詞	自立
1171	6439943.0	独身	名詞	一般
1172	6439943.0	時代	名詞	一般
1173	6439943.0	恋しい	形容詞	自立
1174	6439944.0	居る	動詞	自立
1175	6439944.0	なる	動詞	自立
1176	6439944.0	雰囲気	名詞	一般
1177	6439944.0	変わる	動詞	自立
1178	6439944.0	ハシャイデ	名詞	一般
1179	6439944.0	感	名詞	一般
1180	6439944.0	出る	動詞	自立
1181	6439944.0	気	名詞	一般
1182	6439944.0	する	動詞	自立
1183	6439944.0	ない	形容詞	自立
1184	6439945.0	沢山	名詞	一般
1185	6439945.0	なる	動詞	自立
1186	6439945.0	思う	動詞	自立
1187	6439945.0	笑顔	名詞	一般
1188	6439946.0	する	動詞	自立
1189	6439946.0	お腹	名詞	一般
1190	6439946.0	張り	名詞	一般
1191	6439946.0	具合	名詞	一般
1192	6439946.0	言う	動詞	自立
1193	6439946.0	焦り	名詞	一般
1194	6439946.0	数値	名詞	一般
1195	6439949.0	言える	動詞	自立
1196	6439949.0	寝る	動詞	自立
1197	6439949.0	起きる	動詞	自立
1198	6439949.0	娘	名詞	一般
1199	6439949.0	年越し	名詞	一般
1200	6439949.0	した	名詞	一般
1201	6439949.0	実家	名詞	一般
1202	6439949.0	いる	動詞	自立
1203	6439949.0	旦那	名詞	一般
1204	6439949.0	年越し	名詞	一般
1205	6439949.0	した	名詞	一般
1206	6439950.0	最悪	名詞	一般
1207	6439950.0	見る	動詞	自立
1208	6439950.0	年越し	名詞	一般
1209	6439950.0	恒例	名詞	一般
1210	6439950.0	する	動詞	自立
1211	6439950.0	格闘技	名詞	一般
1212	6439950.0	見る	動詞	自立
1213	6439950.0	言う	動詞	自立
1214	6439950.0	変える	動詞	自立
1215	6439950.0	ついてる	動詞	自立
1216	6439950.0	子供	名詞	一般
1217	6439950.0	起きる	動詞	自立
1218	6439950.0	正月	名詞	一般
1219	6439950.0	ない	形容詞	自立
1220	6439950.0	作る	動詞	自立
1221	6439950.0	する	動詞	自立
1222	6439950.0	疲れる	動詞	自立
1223	6439951.0	聞く	動詞	自立
1224	6439951.0	息子	名詞	一般
1225	6439951.0	年明け	名詞	一般
1226	6439951.0	そうそう	名詞	一般
1227	6439951.0	寝る	動詞	自立
1228	6439951.0	笑う	動詞	自立
1229	6439951.0	いい	形容詞	自立
1230	6439951.0	年	名詞	一般
1231	6439951.0	なる	動詞	自立
1232	6439951.0	明ける	動詞	自立
1233	6439952.0	息子	名詞	一般
1234	6439952.0	片目	名詞	一般
1235	6439952.0	黄色い	形容詞	自立
1236	6439952.0	目やに	名詞	一般
1237	6439952.0	でる	動詞	自立
1238	6439952.0	起きる	動詞	自立
1239	6439952.0	両目	名詞	一般
1240	6439952.0	なる	動詞	自立
1241	6439952.0	年末年始	名詞	一般
1242	6439952.0	病院	名詞	一般
1243	6439952.0	開く	動詞	自立
1244	6439952.0	寝る	動詞	自立
1245	6439952.0	息子	名詞	一般
1246	6439952.0	見る	動詞	自立
1247	6439952.0	目	名詞	一般
1248	6439952.0	周り	名詞	一般
1249	6439952.0	目やに	名詞	一般
1250	6439952.0	固まる	動詞	自立
1251	6439952.0	め	名詞	一般
1252	6439952.0	ひらける	動詞	自立
1253	6439952.0	病院	名詞	一般
1254	6439954.0	頭痛	名詞	一般
1255	6439955.0	すごい	形容詞	自立
1256	6439955.0	人	名詞	一般
1257	6439955.0	片眼鏡	名詞	一般
1258	6439955.0	片眼鏡	名詞	一般
1259	6439959.0	誰か	名詞	一般
1260	6439959.0	聞く	動詞	自立
1261	6439959.0	カウントダウン	名詞	一般
1262	6439959.0	終わる	動詞	自立
1263	6439959.0	旦那	名詞	一般
1264	6439959.0	する	動詞	自立
1265	6439959.0	旦那	名詞	一般
1266	6439959.0	リビング	名詞	一般
1267	6439959.0	子供	名詞	一般
1268	6439959.0	横	名詞	一般
1269	6439959.0	する	動詞	自立
1270	6439959.0	ライブ	名詞	一般
1271	6439959.0	見る	動詞	自立
1272	6439959.0	明ける	動詞	自立
1273	6439959.0	旦那	名詞	一般
1274	6439959.0	来る	動詞	自立
1275	6439959.0	明ける	動詞	自立
1276	6439959.0	言う	動詞	自立
1277	6439959.0	言う	動詞	自立
1278	6439959.0	できる	動詞	自立
1279	6439959.0	とめる	動詞	自立
1280	6439959.0	キレ	名詞	一般
1281	6439959.0	蹴る	動詞	自立
1282	6439959.0	なる	動詞	自立
1283	6439959.0	すごい	形容詞	自立
1284	6439959.0	怖い	形容詞	自立
1285	6439959.0	旦那	名詞	一般
1286	6439959.0	敬語	名詞	一般
1287	6439959.0	する	動詞	自立
1288	6439959.0	する	動詞	自立
1289	6439959.0	ゃいけないらしくて	名詞	一般
1290	6439959.0	実家	名詞	一般
1291	6439959.0	行く	動詞	自立
1292	6439959.0	する	動詞	自立
1293	6439959.0	旦那	名詞	一般
1294	6439959.0	する	動詞	自立
1295	6439959.0	怒る	動詞	自立
1296	6439959.0	呼び出す	動詞	自立
1297	6439959.0	すごい	形容詞	自立
1298	6439959.0	形相	名詞	一般
1299	6439959.0	怒る	動詞	自立
1300	6439959.0	言い返す	動詞	自立
1301	6439959.0	こわい	形容詞	自立
1302	6439959.0	する	動詞	自立
1303	6439959.0	いい	形容詞	自立
1304	6439961.0	生理	名詞	一般
1305	6439961.0	おる	動詞	自立
1306	6439961.0	楽しみ	名詞	一般
1307	6439961.0	授かる	動詞	自立
1308	6439961.0	いい	形容詞	自立
1309	6439963.0	年子	名詞	一般
1310	6439963.0	男の子	名詞	一般
1311	6439963.0	ママ	名詞	一般
1312	6439963.0	する	動詞	自立
1313	6439963.0	旦那	名詞	一般
1314	6439963.0	女の子	名詞	一般
1315	6439963.0	欲しい	形容詞	自立
1316	6439963.0	言う	動詞	自立
1317	6439963.0	冷や汗	名詞	一般
1318	6439963.0	女の子	名詞	一般
1319	6439963.0	欲しい	形容詞	自立
1320	6439963.0	気持ち	名詞	一般
1321	6439963.0	ある	動詞	自立
1322	6439963.0	疲れ顔	名詞	一般
1323	6439963.0	言う	動詞	自立
1324	6439963.0	もと	名詞	一般
1325	6439963.0	焦り	名詞	一般
1326	6439963.0	旦那	名詞	一般
1327	6439963.0	最後	名詞	一般
1328	6439963.0	頑張る	動詞	自立
1329	6439963.0	いう	動詞	自立
1330	6439963.0	産まれる	動詞	自立
1331	6439963.0	する	動詞	自立
1332	6439963.0	言う	動詞	自立
1333	6439963.0	会社	名詞	一般
1334	6439963.0	する	動詞	自立
1335	6439963.0	難しい	形容詞	自立
1336	6439963.0	なる	動詞	自立
1337	6439963.0	思う	動詞	自立
1338	6439963.0	お金	名詞	一般
1339	6439963.0	できる	動詞	自立
1340	6439963.0	タイプ	名詞	一般
1341	6439963.0	UP	名詞	一般
1342	6439963.0	思う	動詞	自立
1343	6439963.0	皆さん	名詞	一般
1344	6439963.0	する	動詞	自立
1345	6439963.0	女の子	名詞	一般
1346	6439963.0	欲しい	形容詞	自立
1347	6439963.0	気持ち	名詞	一般
1348	6439963.0	ある	動詞	自立
1349	6439963.0	揺れる	動詞	自立
1350	6439964.0	間に合う	動詞	自立
1351	6439964.0	道	名詞	一般
1352	6439964.0	空く	動詞	自立
1353	6439964.0	よい	形容詞	自立
1354	6439964.0	よい	形容詞	自立
1355	6439965.0	セール	名詞	一般
1356	6439965.0	行く	動詞	自立
1357	6439965.0	金	名詞	一般
1358	6439965.0	NO	名詞	一般
1359	6439966.0	腹立つ	動詞	自立
1360	6439966.0	働く	動詞	自立
1361	6439966.0	疲れる	動詞	自立
1362	6439966.0	しれる	動詞	自立
1363	6439966.0	母	名詞	一般
1364	6439966.0	子供	名詞	一般
1365	6439966.0	見る	動詞	自立
1366	6439966.0	行う	動詞	自立
1367	6439966.0	自分	名詞	一般
1368	6439966.0	しんどい	形容詞	自立
1369	6439966.0	やめる	動詞	自立
1370	6439966.0	肋骨	名詞	一般
1371	6439966.0	ヒビ	名詞	一般
1372	6439966.0	入る	動詞	自立
1373	6439967.0	甘酒	名詞	一般
1374	6439967.0	飲む	動詞	自立
1375	6439967.0	実家	名詞	一般
1376	6439967.0	年越し	名詞	一般
1377	6439967.0	作る	動詞	自立
1378	6439967.0	甘酒	名詞	一般
1379	6439967.0	酒屋	名詞	一般
1380	6439967.0	大きい	形容詞	自立
1381	6439967.0	酒粕	名詞	一般
1382	6439967.0	甘酒	名詞	一般
1383	6439967.0	する	動詞	自立
1384	6439967.0	部屋	名詞	一般
1385	6439967.0	いい	形容詞	自立
1386	6439967.0	匂い	名詞	一般
1387	6439967.0	甘酒	名詞	一般
1388	6439967.0	飲む	動詞	自立
1389	6439969.0	つぶやく	動詞	自立
1390	6439969.0	つぶやく	動詞	自立
1391	6439969.0	自分	名詞	一般
1392	6439970.0	高熱	名詞	一般
1393	6439970.0	する	動詞	自立
1394	6439970.0	思う	動詞	自立
1395	6439970.0	高熱	名詞	一般
1396	6439970.0	泣き顔	名詞	一般
1397	6439970.0	高熱	名詞	一般
1398	6439970.0	咳	名詞	一般
1399	6439970.0	止まる	動詞	自立
1400	6439970.0	小児科	名詞	一般
1401	6439970.0	行う	動詞	自立
1402	6439970.0	泣く	動詞	自立
1403	6439970.0	泣き顔	名詞	一般
1404	6439970.0	年末年始	名詞	一般
1405	6439970.0	する	動詞	自立
1406	6439970.0	お正月	名詞	一般
1407	6439970.0	救急車	名詞	一般
1408	6439970.0	呼ぶ	動詞	自立
1409	6439970.0	辛い	形容詞	自立
1410	6439970.0	する	動詞	自立
1411	6439970.0	泣き顔	名詞	一般
1412	6439970.0	年明け	名詞	一般
1413	6439970.0	早々	名詞	一般
1414	6439970.0	する	動詞	自立
1415	6439972.0	きた	名詞	一般
1416	6439972.0	ーーーーー	名詞	一般
1417	6439972.0	遅れる	動詞	自立
1418	6439972.0	スーパースター	名詞	一般
1419	6439973.0	リビング	名詞	一般
1420	6439973.0	見る	動詞	自立
1421	6439973.0	年越し	名詞	一般
1422	6439973.0	そば	名詞	一般
1423	6439973.0	歯磨	名詞	一般
1424	6439973.0	いる	動詞	自立
1425	6439973.0	ベット	名詞	一般
1426	6439973.0	スヤスマ	名詞	一般
1427	6439973.0	気持ち良い	形容詞	自立
1428	6439973.0	眠る	動詞	自立
1429	6439973.0	娘	名詞	一般
1430	6439973.0	見る	動詞	自立
1431	6439973.0	年越し	名詞	一般
1432	6439973.0	出来る	動詞	自立
1433	6439973.0	なる	動詞	自立
1434	6439973.0	食べる	動詞	自立
1435	6439973.0	遊ぶ	動詞	自立
1436	6439973.0	大きい	形容詞	自立
1437	6439973.0	なる	動詞	自立
1438	6439973.0	寂しい	形容詞	自立
1439	6439973.0	見れる	動詞	自立
1440	6439973.0	ハート	名詞	一般
1441	6439974.0	歌う	動詞	自立
1442	6439974.0	嵐	名詞	一般
1443	6439974.0	歌う	動詞	自立
1444	6439977.0	住まい	名詞	一般
1445	6439977.0	ドア	名詞	一般
1446	6439977.0	シミ	名詞	一般
1447	6439977.0	ある	動詞	自立
1448	6439977.0	なる	動詞	自立
1449	6439977.0	聞く	動詞	自立
1450	6439977.0	費用	名詞	一般
1451	6439977.0	範囲	名詞	一般
1452	6439977.0	頑張る	動詞	自立
1453	6439977.0	つて	名詞	一般
1454	6439977.0	濁す	動詞	自立
1455	6439977.0	感じ	名詞	一般
1456	6439977.0	言う	動詞	自立
1457	6439977.0	する	動詞	自立
1458	6439977.0	引渡す	動詞	自立
1459	6439977.0	旦那	名詞	一般
1460	6439977.0	先	名詞	一般
1461	6439977.0	見る	動詞	自立
1462	6439977.0	行く	動詞	自立
1463	6439977.0	シミ	名詞	一般
1464	6439977.0	とれる	動詞	自立
1465	6439977.0	行く	動詞	自立
1466	6439977.0	見る	動詞	自立
1467	6439977.0	する	動詞	自立
1468	6439977.0	思う	動詞	自立
1469	6439977.0	なる	動詞	自立
1470	6439977.0	笑顔	名詞	一般
1471	6439977.0	する	動詞	自立
1472	6439977.0	方位	名詞	一般
1473	6439979.0	子供	名詞	一般
1474	6439979.0	寝顔	名詞	一般
1475	6439979.0	見る	動詞	自立
1476	6439979.0	一人	名詞	一般
1477	6439979.0	飲む	動詞	自立
1478	6439979.0	皆様	名詞	一般
1479	6439979.0	おもいがけない	形容詞	自立
1480	6439979.0	素晴らしい	形容詞	自立
1481	6439979.0	出来事	名詞	一般
1482	6439979.0	起こる	動詞	自立
1483	6439979.0	心	名詞	一般
1484	6439979.0	願う	動詞	自立
1485	6439980.0	粥	名詞	一般
1486	6439980.0	作り方	名詞	一般
1487	6439980.0	わかる	動詞	自立
1488	6439980.0	作る	動詞	自立
1489	6439980.0	余る	動詞	自立
1490	6439980.0	コメ	名詞	一般
1491	6439981.0	間に合う	動詞	自立
1492	6439981.0	やる	動詞	自立
1493	6439981.0	凄い	形容詞	自立
1494	6439981.0	泣き顔	名詞	一般
1495	6439982.0	完	名詞	一般
1496	6439982.0	母	名詞	一般
1497	6439982.0	生理	名詞	一般
1498	6439982.0	する	動詞	自立
1499	6439982.0	する	動詞	自立
1500	6439982.0	ひどい	形容詞	自立
1501	6439982.0	全区	名詞	一般
1502	6439982.0	痛い	形容詞	自立
1503	6439982.0	ある	動詞	自立
1504	6439983.0	息子	名詞	一般
1505	6439983.0	風邪	名詞	一般
1506	6439983.0	ひく	動詞	自立
1507	6439983.0	ない	形容詞	自立
1508	6439983.0	する	動詞	自立
1509	6439983.0	ない	形容詞	自立
1510	6439983.0	なる	動詞	自立
1511	6439983.0	生まれる	動詞	自立
1512	6439983.0	抱っこ	名詞	一般
1513	6439983.0	マン	名詞	一般
1514	6439983.0	昼夜	名詞	一般
1515	6439983.0	問う	動詞	自立
1516	6439983.0	まとめる	動詞	自立
1517	6439983.0	寝る	動詞	自立
1518	6439983.0	食	名詞	一般
1519	6439983.0	細い	形容詞	自立
1520	6439983.0	変わる	動詞	自立
1521	6439983.0	このまま	名詞	一般
1522	6439983.0	強い	形容詞	自立
1523	6439983.0	なる	動詞	自立
1524	6439983.0	見え	名詞	一般
1525	6439983.0	見え	名詞	一般
1526	6439983.0	構える	動詞	自立
1527	6439983.0	待つ	動詞	自立
1528	6439983.0	起きる	動詞	自立
1529	6439983.0	目	名詞	一般
1530	6439983.0	祝う	動詞	自立
1531	6439983.0	生まれる	動詞	自立
1532	6439983.0	夜泣き	名詞	一般
1533	6439983.0	する	動詞	自立
1534	6439984.0	いい	形容詞	自立
1535	6439984.0	お年	名詞	一般
1536	6439984.0	ハート	名詞	一般
1537	6439986.0	年	名詞	一般
1538	6439986.0	明ける	動詞	自立
1539	6439986.0	ー	名詞	一般
1540	6439986.0	なる	動詞	自立
1541	6439986.0	ニュース	名詞	一般
1542	6439986.0	上目使い	名詞	一般
1543	6439986.0	いてる	動詞	自立
1544	6439986.0	なる	動詞	自立
1545	6439986.0	する	動詞	自立
1546	6439986.0	生まれ	名詞	一般
1547	6439986.0	言う	動詞	自立
1548	6439987.0	クラッカー	名詞	一般
1549	6439988.0	愚痴	名詞	一般
1550	6439988.0	最悪	名詞	一般
1551	6439988.0	親戚	名詞	一般
1552	6439988.0	行く	動詞	自立
1553	6439988.0	旦那	名詞	一般
1554	6439988.0	酔う	動詞	自立
1555	6439988.0	空気	名詞	一般
1556	6439988.0	馬頭	名詞	一般
1557	6439988.0	一人	名詞	一般
1558	6439988.0	しゃべる	動詞	自立
1559	6439988.0	人	名詞	一般
1560	6439988.0	聞く	動詞	自立
1561	6439988.0	帰る	動詞	自立
1562	6439988.0	床	名詞	一般
1563	6439988.0	楽しみ	名詞	一般
1564	6439988.0	ジャニーズカウコン	名詞	一般
1565	6439988.0	みれる	動詞	自立
1566	6439988.0	する	動詞	自立
1567	6439988.0	思う	動詞	自立
1568	6439988.0	空気	名詞	一般
1569	6439988.0	よめる	動詞	自立
1570	6439988.0	旦那	名詞	一般
1571	6439988.0	する	動詞	自立
1572	6439988.0	本当	名詞	一般
1573	6439988.0	謎	名詞	一般
1574	6439989.0	やる	動詞	自立
1575	6439989.0	下降カープ	名詞	一般
1576	6439989.0	旦那	名詞	一般
1577	6439989.0	言動	名詞	一般
1578	6439989.0	する	動詞	自立
1579	6439989.0	いる	動詞	自立
1580	6439989.0	する	動詞	自立
1581	6439989.0	ちゃう	動詞	自立
1582	6439989.0	年明け	名詞	一般
1583	6439989.0	寸前	名詞	一般
1584	6439989.0	下降カープ	名詞	一般
1585	6439989.0	下降カープ	名詞	一般
1586	6439989.0	する	動詞	自立
1587	6439989.0	年	名詞	一般
1588	6439989.0	明ける	動詞	自立
1589	6439989.0	顔	名詞	一般
1590	6439989.0	合わせる	動詞	自立
1591	6439989.0	顔	名詞	一般
1592	6439989.0	する	動詞	自立
1593	6439989.0	いい	形容詞	自立
1594	6439990.0	生後	名詞	一般
1595	6439990.0	体重	名詞	一般
1596	6439990.0	増える	動詞	自立
1597	6439990.0	悩む	動詞	自立
1598	6439990.0	産まれる	動詞	自立
1599	6439990.0	回数	名詞	一般
1600	6439990.0	ミルク	名詞	一般
1601	6439990.0	作る	動詞	自立
1602	6439990.0	飲む	動詞	自立
1603	6439990.0	少ない	形容詞	自立
1604	6439990.0	他	名詞	一般
1605	6439990.0	母乳	名詞	一般
1606	6439990.0	母乳	名詞	一般
1607	6439990.0	出	名詞	一般
1608	6439990.0	病院	名詞	一般
1609	6439990.0	保健所	名詞	一般
1610	6439990.0	言う	動詞	自立
1611	6439990.0	ちる	動詞	自立
1612	6439990.0	出る	動詞	自立
1613	6439990.0	食	名詞	一般
1614	6439990.0	細い	形容詞	自立
1615	6439990.0	子	名詞	一般
1616	6439990.0	思う	動詞	自立
1617	6439990.0	手足	名詞	一般
1618	6439990.0	動かす	動詞	自立
1619	6439990.0	増える	動詞	自立
1620	6439990.0	増え	名詞	一般
1621	6439990.0	悪い	形容詞	自立
1622	6439990.0	出る	動詞	自立
1623	6439990.0	母乳	名詞	一般
1624	6439990.0	あと	名詞	一般
1625	6439990.0	ミルク	名詞	一般
1626	6439990.0	飲む	動詞	自立
1627	6439990.0	飲む	動詞	自立
1628	6439990.0	する	動詞	自立
1629	6439990.0	いい	形容詞	自立
1630	6439990.0	泣き顔	名詞	一般
1631	6439991.0	疲れる	動詞	自立
1632	6439991.0	疲れる	動詞	自立
1633	6439991.0	年賀状	名詞	一般
1634	6439991.0	書く	動詞	自立
1635	6439991.0	忘れる	動詞	自立
1636	6439991.0	年賀状	名詞	一般
1637	6439991.0	出す	動詞	自立
1638	6439991.0	言う	動詞	自立
1639	6439991.0	ある	動詞	自立
1640	6439991.0	忘れる	動詞	自立
1641	6439991.0	探す	動詞	自立
1642	6439991.0	片付ける	動詞	自立
1643	6439991.0	旦那	名詞	一般
1644	6439991.0	書く	動詞	自立
1645	6439991.0	ポスト	名詞	一般
1646	6439991.0	自分	名詞	一般
1647	6439991.0	弟子	名詞	一般
1648	6439991.0	行く	動詞	自立
1649	6439991.0	寺子	名詞	一般
1650	6439991.0	寝かしつける	動詞	自立
1651	6439991.0	する	動詞	自立
1652	6439991.0	言う	動詞	自立
1653	6439991.0	大晦日	名詞	一般
1654	6439991.0	子供	名詞	一般
1655	6439991.0	年	名詞	一般
1656	6439991.0	迎える	動詞	自立
1657	6439991.0	電気	名詞	一般
1658	6439991.0	消す	動詞	自立
1659	6439991.0	腹	名詞	一般
1660	6439991.0	立つ	動詞	自立
1661	6439991.0	する	動詞	自立
1662	6439991.0	言う	動詞	自立
1663	6439991.0	腹	名詞	一般
1664	6439991.0	たつ	動詞	自立
1665	6439991.0	バカ	名詞	一般
1666	6439991.0	旦那	名詞	一般
1667	6439991.0	おもう	動詞	自立
1668	6439992.0	独り言	名詞	一般
1669	6439992.0	つぶやく	動詞	自立
1670	6439992.0	早々	名詞	一般
1671	6439992.0	写真	名詞	一般
1672	6439992.0	ハート	名詞	一般
1673	6439992.0	頑張れる	動詞	自立
1674	6439992.0	する	動詞	自立
